PART_NUMBER,Dept,Class,Fine,SKU - MY_PART_NUMBER,Mfg_Part_Num,Part_Desc,E1_Brand,Unilog_Brand,DIB_Brand,Part_Manuf
20887830,Appliances,Large Appliances,Dishwashers,1515863,PDSH4816AF,PDSH4816AF Dishwasher SS - Display Only,-- Unbranded --,-- No Unilog Brand --,-- No DIB Brand --,Appliance Dealers Cooperative (APPDE)
25286031,Appliances,Large Appliances,Dishwashers,1515867,WDTS7024RZ,WDTS7024RZ Dishwasher SS - Display Only,-- Unbranded --,-- No Unilog Brand --,-- No DIB Brand --,Appliance Dealers Cooperative (APPDE)
25286157,Appliances,Large Appliances,Dishwashers,1516611,PDD415PYYFS,PDD415PYYFS GE Dishwasher SS,-- Unbranded --,-- No Unilog Brand --,-- No DIB Brand --,Appliance Dealers Cooperative (APPDE)
20877780,Appliances,Large Appliances,Dryers,1507395,DR7004BE,DR7004BE SQ Elect Dryer Bk,-- Unbranded --,-- No Unilog Brand --,-- No DIB Brand --,Appliance Dealers Cooperative (APPDE)
20877876,Appliances,Large Appliances,Dryers,1506678,DV2000WE,DV2000WE SQ Elect Dryer Wh,-- Unbranded --,-- No Unilog Brand --,-- No DIB Brand --,Appliance Dealers Cooperative (APPDE)
25285946,Appliances,Large Appliances,Dryers,1515320,DC5004WE,DC5004WE SQ Elect Dryer Wh,-- Unbranded --,-- No Unilog Brand --,-- No DIB Brand --,Appliance Dealers Cooperative (APPDE)
25285948,Appliances,Large Appliances,Dryers,1515322,DC5004BE,DC5004BE SQ Elect Dryer Bk,-- Unbranded --,-- No Unilog Brand --,-- No DIB Brand --,Appliance Dealers Cooperative (APPDE)
20138638,Appliances,Large Appliances,Dryers,1506120,PTD70GBPTDG,PTD70GBPTDG GE Gas Dryer DG,-- Unbranded --,-- No Unilog Brand --,-- No DIB Brand --,Appliance Dealers Cooperative (APPDE)
20138639,Appliances,Large Appliances,Dryers,1503066,PTD70GBSTWS,PTD70GBSTWS GE Gas Dryer Wh,-- Unbranded --,-- No Unilog Brand --,-- No DIB Brand --,Appliance Dealers Cooperative (APPDE)
20877776,Appliances,Large Appliances,Dryers,1507723,DR5004WG,DR5004WG SQ Gas Dryer Wh,-- Unbranded --,-- No Unilog Brand --,-- No DIB Brand --,Appliance Dealers Cooperative (APPDE)
20877781,Appliances,Large Appliances,Dryers,1507396,DR7004BG,DR7004BG SQ Gas Dryer Bk,-- Unbranded --,-- No Unilog Brand --,-- No DIB Brand --,Appliance Dealers Cooperative (APPDE)
20877783,Appliances,Large Appliances,Dryers,1507397,DR7004WG,DR7004WG SQ Gas Dryer Wh,-- Unbranded --,-- No Unilog Brand --,-- No DIB Brand --,Appliance Dealers Cooperative (APPDE)
20877877,Appliances,Large Appliances,Dryers,1506679,DV2000WG,DV2000WG SQ Gas Dryer Wh,-- Unbranded --,-- No Unilog Brand --,-- No DIB Brand --,Appliance Dealers Cooperative (APPDE)
25285945,Appliances,Large Appliances,Dryers,1515319,DC5004WG,DC5004WG SQ Gas Dryer Wh,-- Unbranded --,-- No Unilog Brand --,-- No DIB Brand --,Appliance Dealers Cooperative (APPDE)
25285947,Appliances,Large Appliances,Dryers,1515321,DC5004BG,DC5004BG SQ Gas Dryer Bk,-- Unbranded --,-- No Unilog Brand --,-- No DIB Brand --,Appliance Dealers Cooperative (APPDE)
20887131,Appliances,Large Appliances,Washers,1510352,MVWP586GW,MVWP586GW Washer Wh - Display,-- Unbranded --,-- No Unilog Brand --,-- No DIB Brand --,Appliance Dealers Cooperative (APPDE)
20892934,Appliances,Large Appliances,Washers,1507174,TV2000WN,TV2000WN SQ Elect Washer,-- Unbranded --,-- No Unilog Brand --,-- No DIB Brand --,Appliance Dealers Cooperative (APPDE)
25286105,Appliances,Large Appliances,Washers,1516151,TR7006WN,TR7006WN Speed Queen Washer Wh,-- Unbranded --,-- No Unilog Brand --,-- No DIB Brand --,Appliance Dealers Cooperative (APPDE)
25285333,Lumber and Building Materials,Decking - All Trex,Trex - Select Railing,1508485,543302126,6' Wh Select T-Rail Kit Horiz - w/Sq Composite Balusters,TREX,-- No Unilog Brand --,-- No DIB Brand --,U S Lumber (3073)
25285335,Lumber and Building Materials,Decking - All Trex,Trex - Select Railing,1508487,543302146,8' Wh Select T-Rail Kit Horiz - w/Sq Composite Balusters,TREX,-- No Unilog Brand --,-- No DIB Brand --,U S Lumber (3073)
25285814,Lumber and Building Materials,Decking - All Trex,Trex - Select Railing,1513797,543300256,6' Black Select Classic Horiz  - Rail w/Rnd Black Alum Baluster,TREX,-- No Unilog Brand --,-- No DIB Brand --,Boise Cascade Building Materials (BOICA)
25285816,Lumber and Building Materials,Decking - All Trex,Trex - Select Railing,1513799,543300276,8' Black Select Classic Horiz  - Rail w/Rnd Black Alum Baluster,TREX,-- No Unilog Brand --,-- No DIB Brand --,Boise Cascade Building Materials (BOICA)
25286186,Lumber and Building Materials,Decking - All Trex,Trex - Select Aluminum Railing,1516795,543340896,"4x4-37"" Black Alum Post Sleeve Select Alum Railing - w/Cap & Skirt",TREX,-- No Unilog Brand --,-- No DIB Brand --,Boise Cascade Building Materials (BOICA)
25286187,Lumber and Building Materials,Decking - All Trex,Trex - Select Aluminum Railing,1516796,543340898,"4x4-43"" Black Alum Post Sleeve Select Alum Railing w/Cap & Skirt",TREX,-- No Unilog Brand --,-- No DIB Brand --,Boise Cascade Building Materials (BOICA)
25285180,Lumber and Building Materials,Deck Railing /Columns /Lattice,Digger / Westbury,1505573,73272TBK,6x6-10' Black Alum Deco - Support Post,DSI Westbury,-- No Unilog Brand --,-- No DIB Brand --,Palmer Donavin Mfg Company (PALDO)
25285334,Lumber and Building Materials,Decking - All Trex,Trex - Select Railing,1508486,543302127,6' Wh Select T-Rail Kit Stair - w/Sq Composite Balusters,TREX,-- No Unilog Brand --,-- No DIB Brand --,U S Lumber (3073)
25285336,Lumber and Building Materials,Decking - All Trex,Trex - Select Railing,1508488,543302147,8' Wh Select T-Rail Kit Stair - w/Sq Composite Balusters,TREX,-- No Unilog Brand --,-- No DIB Brand --,U S Lumber (3073)
19871794,Windows and Doors,Exterior Doors,Access Doors,19411,27233,24x48 WH Attic Access Door,AJM,-- No Unilog Brand --,-- No DIB Brand --,A J Manufacturing Inc (AJMAN)
25286327,Windows and Doors,Vinyl / Alum Windows / Doors,United Windows,1517602,1517602,6068R Gliding Patio Dr 4500 United Blk Ext/WH Int LowE Arg w/J,United Window & Door,-- No Unilog Brand --,-- No DIB Brand --,United Window & Door Manufacturing (UNIWI)
25286328,Windows and Doors,Vinyl / Alum Windows / Doors,United Windows,1517603,1517603,6068L Gliding Patio Dr 4500 United Blk Ext/WH Int LowE Arg w/J,United Window & Door,-- No Unilog Brand --,-- No DIB Brand --,United Window & Door Manufacturing (UNIWI)
25286329,Windows and Doors,Vinyl / Alum Windows / Doors,United Windows,1517604,1517604,6068L Gliding Patio Dr 4500 United White LowE Arg w/J,United Window & Door,-- No Unilog Brand --,-- No DIB Brand --,United Window & Door Manufacturing (UNIWI)
25286330,Windows and Doors,Vinyl / Alum Windows / Doors,United Windows,1517605,1517605,6068R Gliding Patio Dr 4500 United White LowE Arg w/J,United Window & Door,-- No Unilog Brand --,-- No DIB Brand --,United Window & Door Manufacturing (UNIWI)
25285921,Windows and Doors,Roof Windows / Skylights,Velux,1514899,FS C01 2004S,"FS C01 Velux Fxd Skylt Gry/Wh - w/Solar Shade RO 21""x26-7/8""",-- Unbranded --,-- No Unilog Brand --,-- No DIB Brand --,Velux America Inc (VELAM)
25285922,Windows and Doors,Roof Windows / Skylights,Velux,1514900,FS C04 2004S,"FS C04 Velux Fxd Skylt Gry/Wh - w/Solar Shade RO 21""x37-7/8""",-- Unbranded --,-- No Unilog Brand --,-- No DIB Brand --,Velux America Inc (VELAM)
25285923,Windows and Doors,Roof Windows / Skylights,Velux,1514901,FS C06 2004S,"FS C06 Velux Fxd Skylt Gry/Wh - w/Solar Shade RO 21""x45-7/8""",-- Unbranded --,-- No Unilog Brand --,-- No DIB Brand --,Velux America Inc (VELAM)
25285181,Windows and Doors,Exterior Doors,Ext Door Sweeps / Weatherstrip,1505578,413S-DBA-36,"413S 36"" Alum Threshold DBZ",HAGER,-- No Unilog Brand --,-- No DIB Brand --,Hager Hinge Co (4189)
25285182,Windows and Doors,Exterior Doors,Ext Door Sweeps / Weatherstrip,1505579,413S-DBA-72,"413S 72"" Alum Threshold DBZ",HAGER,-- No Unilog Brand --,-- No DIB Brand --,Hager Hinge Co (4189)
25285589,Lumber and Building Materials,Plywood - OSB / Const / UL,OSB,1511506,1511506,4'x65' Zip Rainscreen,-- Unbranded --,-- No Unilog Brand --,-- No DIB Brand --,Huber Eng Wood LLC (3158)
25285105,Lumber and Building Materials,Plywood - OSB / Const / UL,OSB,1501767,1501767,"3/4"" 4x8T&G Huber Blue PlusOSB - Sub Floor",-- Unbranded --,-- No Unilog Brand --,-- No DIB Brand --,-
22117131,Electrical,12 Volt Items,Battery Chargers,575902,SL1672,SL1672 Jumpstart & Pwr Supply,-- Unbranded --,-- No Unilog Brand --,Schumacher,-
22098711,Electrical,Wire Devices,Wall Plates,508070,G1941-UPC,"G1941UPC 4"" Sq Cover Sw/Outlet",-- Unbranded --,-- No Unilog Brand --,Southwire,Southwire/g Turner (6603)
22098716,Electrical,Wire Devices,Electrical Boxes,533084,G1950-UPC,4x4 2G GFI Box Cover,-- Unbranded --,-- No Unilog Brand --,Southwire,Southwire/g Turner (6603)
22098717,Electrical,Wire Devices,Electrical Boxes,533068,G1951-UPC,4x4 2G GFCI Duplex Box Cover,-- Unbranded --,-- No Unilog Brand --,Southwire,Southwire/g Turner (6603)
22011006,Electrical,Lights / Fans,Ceiling Lights,1515802,65-1222,65-1222 1' Led Lt Multi CCT,-- Unbranded --,-- No Unilog Brand --,-- No DIB Brand --,Satco Prod Inc (5573)
22011008,Electrical,Lights / Fans,Ceiling Lights,562455,65-1224,65-1224 4' Led Strip Light,-- Unbranded --,-- No Unilog Brand --,Satco,Satco Prod Inc (5573)
25286473,Electrical,Lights / Fans,Kichler Wall,K55239CPZLED,55239CPZLED,55239CPZLED Kichler Wall Lt,-- Unbranded --,-- No Unilog Brand --,-- No DIB Brand --,Kichler Lighting (KICLI)
22011075,Electrical,Lights / Fans,Ceiling Lights,1512222,65-771R3,65-771R3 Nuvo Highbay Light,-- Unbranded --,-- No Unilog Brand --,-- No DIB Brand --,Satco Prod Inc (5573)
22010643,Electrical,Lights / Fans,Ceiling Lights,1516790,62-1850,"62-1850 11"" Led Ceiling Light",-- Unbranded --,-- No Unilog Brand --,-- No DIB Brand --,Satco Prod Inc (5573)
22010645,Electrical,Lights / Fans,Ceiling Lights,1516536,62-1852,"62-1852 14"" Satco Led Ceiling Lt",-- Unbranded --,-- No Unilog Brand --,-- No DIB Brand --,Satco Prod Inc (5573)
22010659,Electrical,Lights / Fans,Ceiling Lights,1516653,62-1875,"62-1875 10"" Led Ceiling Lt Bn",-- Unbranded --,-- No Unilog Brand --,-- No DIB Brand --,Satco Prod Inc (5573)
22010660,Electrical,Lights / Fans,Ceiling Lights,1516913,62-1876,"62-1876 13"" Satco Ceiling Light BN",-- Unbranded --,-- No Unilog Brand --,-- No DIB Brand --,Satco Prod Inc (5573)
22010954,Electrical,Lights / Fans,Rope Lights,1513437,64-110,64-110 Satco Tape Light 16',-- Unbranded --,-- No Unilog Brand --,-- No DIB Brand --,Satco Prod Inc (5573)
22011037,Electrical,Lights / Fans,Ceiling Lights,1500542,65-572R1,65572 Satco 2x4 Led Flat Panel,-- Unbranded --,-- No Unilog Brand --,-- No DIB Brand --,Satco Prod Inc (5573)
15244817,Electrical,Lights / Fans,Recessed / Can Lights,1506839,S11828,"S11828 8"" Led Down Light",-- Unbranded --,-- No Unilog Brand --,-- No DIB Brand --,Satco Prod Inc (5573)
20618486,Electrical,Lights / Fans,Ceiling Lights,1517162,S11860,"S11860 6"" Downlight White 5 CCT",-- Unbranded --,-- No Unilog Brand --,-- No DIB Brand --,Satco Prod Inc (5573)
22011346,Electrical,Lights / Fans,Recessed / Can Lights,1510648,S11646,"S11646 6"" Downlight Wh",-- Unbranded --,-- No Unilog Brand --,-- No DIB Brand --,Satco Prod Inc (5573)
22011381,Electrical,Lights / Fans,Ceiling Lights,1516715,S11801R1,"S11801R1 6"" Led Downlight Wh",-- Unbranded --,-- No Unilog Brand --,-- No DIB Brand --,Satco Prod Inc (5573)
22011396,Electrical,Lights / Fans,Ceiling Lights,1517084,S11848,"S11848 10"" Down Light Wh",-- Unbranded --,-- No Unilog Brand --,-- No DIB Brand --,Satco Prod Inc (5573)
22011397,Electrical,Lights / Fans,Ceiling Lights,1517083,S11849,"S11849 12"" Down Light Wh",-- Unbranded --,-- No Unilog Brand --,-- No DIB Brand --,Satco Prod Inc (5573)
22101572,Electrical,Lights / Fans,Recessed / Can Lights,514114,HLBSL609FS5,"HLBSL609FS5 6"" Down Light",-- Unbranded --,-- No Unilog Brand --,-- No DIB Brand --,Cooper Lighting (7638)
25286133,Electrical,Lights / Fans,Ceiling Lights,1516539,WF4REGSWW590CRIMW,"WF4REGSWW590CRIMW 4"" Down Light",-- Unbranded --,-- No Unilog Brand --,-- No DIB Brand --,Lithonia Lighting (2776)
22010601,Electrical,Lights / Fans,Ceiling Lights,1506508,62-1777,"62-1777 15"" Ceiling Lt Wh",-- Unbranded --,-- No Unilog Brand --,-- No DIB Brand --,Satco Prod Inc (5573)
22010602,Electrical,Lights / Fans,Ceiling Lights,1506510,62-1778,"62-1778 19"" Ceiling Lt Wh",-- Unbranded --,-- No Unilog Brand --,-- No DIB Brand --,Satco Prod Inc (5573)
22010608,Electrical,Lights / Fans,Rope Lights,1514983,62-1784,62-1784 24x24 Led Ceiling Lt,-- Unbranded --,-- No Unilog Brand --,-- No DIB Brand --,Satco Prod Inc (5573)
22010611,Electrical,Lights / Fans,Ceiling Lights,1506509,62-1787,"62-1787 15"" Ceiling Lt Bk",-- Unbranded --,-- No Unilog Brand --,-- No DIB Brand --,Satco Prod Inc (5573)
22010612,Electrical,Lights / Fans,Ceiling Lights,1506511,62-1788,"62-1788 19"" Ceiling Lt Bk",-- Unbranded --,-- No Unilog Brand --,-- No DIB Brand --,Satco Prod Inc (5573)
25286467,Electrical,Lights / Fans,Kichler Wall,K55209NI,55209NI,55209NI Kichler Wall Sconce,-- Unbranded --,-- No Unilog Brand --,-- No DIB Brand --,Kichler Lighting (KICLI)
22010998,Electrical,Lights / Fans,Ceiling Lights,507584,65-1210,65-1210 2' LED Wrap Lt,-- Unbranded --,-- No Unilog Brand --,-- No DIB Brand --,Satco Prod Inc (5573)
22010999,Electrical,Lights / Fans,Ceiling Lights,529940,65-1211,65-1211 4' Led Wrap Light,-- Unbranded --,-- No Unilog Brand --,-- No DIB Brand --,Satco Prod Inc (5573)
25284603,Electrical,120 Volt Bulbs / Ballasts,Fluorescent - Tube,505821,141465,"141465 15W Flor 18"" T12 27k",-- Unbranded --,-- No Unilog Brand --,Philips,Phillips Lighting (5831)
25284605,Electrical,120 Volt Bulbs / Ballasts,Fluorescent - Tube,506063,391227,"391227 32W Led 12"" T9 30K",-- Unbranded --,-- No Unilog Brand --,Philips,Phillips Lighting (5831)
25284725,Electrical,120 Volt Bulbs / Ballasts,Fluorescent - Tube,523473,392225,"392225 22W Flor 8"" T9 30k",-- Unbranded --,-- No Unilog Brand --,Philips,Phillips Lighting (5831)
15241822,Electrical,120 Volt Bulbs / Ballasts,Halogen,502381,S3539,S3539 20W Halogen Pin T4,-- Unbranded --,-- No Unilog Brand --,Satco,Satco Prod Inc (5573)
15247048,Electrical,120 Volt Bulbs / Ballasts,Halogen,533955,S3496,S3496 300W Halogen T3 Bulb,-- Unbranded --,-- No Unilog Brand --,Satco,Satco Prod Inc (5573)
15245157,Electrical,120 Volt Bulbs / Ballasts,Incandescent,505144,S3709,S3709 25W Incan 27K,-- Unbranded --,-- No Unilog Brand --,Satco,Satco Prod Inc (5573)
15245165,Electrical,120 Volt Bulbs / Ballasts,Incandescent,500425,S4720,S4720 25W Incan 27K,-- Unbranded --,-- No Unilog Brand --,Satco,Satco Prod Inc (5573)
15251565,Electrical,120 Volt Bulbs / Ballasts,Incandescent,500434,S3720,S3720 40w Inc A15  Med 26k,-- Unbranded --,-- No Unilog Brand --,Satco,Satco Prod Inc (5573)
15251614,Electrical,120 Volt Bulbs / Ballasts,Incandescent,505199,S3702,S3702 40W Incan Med 27K,-- Unbranded --,-- No Unilog Brand --,Satco,Satco Prod Inc (5573)
15251615,Electrical,120 Volt Bulbs / Ballasts,Incandescent,502799,S3703,S3703 40W Incan Med 27K,-- Unbranded --,-- No Unilog Brand --,Satco,Satco Prod Inc (5573)
15253651,Electrical,120 Volt Bulbs / Ballasts,Incandescent,515703,S3797,S3797 4W Incan Cand 27K 2pk,-- Unbranded --,-- No Unilog Brand --,Satco,Satco Prod Inc (5573)
15253652,Electrical,120 Volt Bulbs / Ballasts,Incandescent,528528,S4724,S4724 4W Incan Cand 27K 4pk,-- Unbranded --,-- No Unilog Brand --,Satco,Satco Prod Inc (5573)
15257810,Electrical,120 Volt Bulbs / Ballasts,Incandescent,532037,S4717,S4717 6W Incan Cand 27k 2pk,-- Unbranded --,-- No Unilog Brand --,Satco,Satco Prod Inc (5573)
15257856,Electrical,120 Volt Bulbs / Ballasts,Incandescent,504895,S3794,S3794 7W Incan Med 27K,-- Unbranded --,-- No Unilog Brand --,Satco,Satco Prod Inc (5573)
15257863,Electrical,120 Volt Bulbs / Ballasts,Incandescent,504902,S3795,S3795 7W Incan Med 27K,-- Unbranded --,-- No Unilog Brand --,Satco,Satco Prod Inc (5573)
15258616,Electrical,120 Volt Bulbs / Ballasts,Incandescent,528560,S4726,S4726 7W Incan Cand 27K 4pk,-- Unbranded --,-- No Unilog Brand --,Satco,Satco Prod Inc (5573)
18942116,Electrical,120 Volt Bulbs / Ballasts,LED,1503926,S21354,S21354 8W Led T9 Med 27k,-- Unbranded --,-- No Unilog Brand --,-- No DIB Brand --,Satco Prod Inc (5573)
18942125,Electrical,120 Volt Bulbs / Ballasts,LED,1508175,S21363,S21363 8W Led Edison ST19 27K,-- Unbranded --,-- No Unilog Brand --,-- No DIB Brand --,Satco Prod Inc (5573)
20618375,Electrical,120 Volt Bulbs / Ballasts,LED,1503212,S11445,S11445 12W Led Med 30k Motion,-- Unbranded --,-- No Unilog Brand --,-- No DIB Brand --,Satco Prod Inc (5573)
25284618,Electrical,120 Volt Bulbs / Ballasts,LED,507441,576496,576496 45W Led R20 Med 27k,-- Unbranded --,-- No Unilog Brand --,Philips,Phillips Lighting (5831)
25284660,Electrical,120 Volt Bulbs / Ballasts,LED,513574,571497,571497 150W Led Med 27k,-- Unbranded --,-- No Unilog Brand --,Philips,Phillips Lighting (5831)
25284673,Electrical,120 Volt Bulbs / Ballasts,LED,514694,574004,574004 75W Led ST19 27k 2pk,-- Unbranded --,-- No Unilog Brand --,Philips,Phillips Lighting (5831)
25284675,Electrical,120 Volt Bulbs / Ballasts,LED,514767,574012,574012 75W Led ST19 50k 2pk,-- Unbranded --,-- No Unilog Brand --,Philips,Phillips Lighting (5831)
25284680,Electrical,120 Volt Bulbs / Ballasts,LED,515279,573971,573971 75W Led ST19 20k 4pk,-- Unbranded --,-- No Unilog Brand --,Philips,Phillips Lighting (5831)
25284683,Electrical,120 Volt Bulbs / Ballasts,LED,516052,573989,573989 40W Led Med 27K 4pk,-- Unbranded --,-- No Unilog Brand --,Philips,Phillips Lighting (5831)
25284700,Electrical,120 Volt Bulbs / Ballasts,LED,519432,576769,576769 65W Led BR30 Med 27k,-- Unbranded --,-- No Unilog Brand --,Philips,Phillips Lighting (5831)
25284702,Electrical,120 Volt Bulbs / Ballasts,LED,519609,573997,573997 40W Led Med 50k 4pk,-- Unbranded --,-- No Unilog Brand --,Philips,Phillips Lighting (5831)
25284704,Electrical,120 Volt Bulbs / Ballasts,LED,519846,571463,571463 100W Led BR30 Med 50k,-- Unbranded --,-- No Unilog Brand --,Philips,Phillips Lighting (5831)
25284708,Electrical,120 Volt Bulbs / Ballasts,LED,520341,576512,576512 65W Led BR40 Med 27k,-- Unbranded --,-- No Unilog Brand --,Philips,Phillips Lighting (5831)
25284755,Electrical,120 Volt Bulbs / Ballasts,LED,529782,573436,573436 60W Led A19 Med 27k 2pk,-- Unbranded --,-- No Unilog Brand --,Philips,Phillips Lighting (5831)
25284763,Electrical,120 Volt Bulbs / Ballasts,LED,530493,573451,573451 40W Led Med 27k 2pk,-- Unbranded --,-- No Unilog Brand --,Philips,Phillips Lighting (5831)
25284779,Electrical,120 Volt Bulbs / Ballasts,LED,532596,575217,575217 60W Led Med 50k 2pk,-- Unbranded --,-- No Unilog Brand --,Philips,Phillips Lighting (5831)
25284781,Electrical,120 Volt Bulbs / Ballasts,LED,532775,571471,571471 100W Led BR30 Med 27k,-- Unbranded --,-- No Unilog Brand --,Philips,Phillips Lighting (5831)
25284790,Electrical,120 Volt Bulbs / Ballasts,LED,533881,573378,573378 60W Led Med 27k 3pk,-- Unbranded --,-- No Unilog Brand --,Philips,Phillips Lighting (5831)
25284819,Electrical,120 Volt Bulbs / Ballasts,LED,537825,564385,564385 40w Led Med 27k 2pk,-- Unbranded --,-- No Unilog Brand --,Philips,Phillips Lighting (5831)
25284832,Electrical,120 Volt Bulbs / Ballasts,LED,538989,564450,564450 40W Led Cand 27k 2pk,-- Unbranded --,-- No Unilog Brand --,Philips,Phillips Lighting (5831)
25284847,Electrical,120 Volt Bulbs / Ballasts,LED,541473,573410,573410 40W Led A19 Med 27k 2pk,-- Unbranded --,-- No Unilog Brand --,Philips,Phillips Lighting (5831)
25284857,Electrical,120 Volt Bulbs / Ballasts,LED,542536,574392,574392 40W Led B11 Med 27k 3pk,-- Unbranded --,-- No Unilog Brand --,Philips,Phillips Lighting (5831)
22059489,Electrical,Batteries / Flashlights,Headlights,562393,97708,97708 Police 800L Headlight,-- Unbranded --,-- No Unilog Brand --,Police Security,Police Security (9470)
25284879,Electrical,Cords / Wire,Wire,546414-LF,13093005,4/0 Aluminum Entrance Cable (Linear Foot),-- Unbranded --,-- No Unilog Brand --,-- No DIB Brand --,Southwire/g Turner (6603)
16864596,Electrical,Cords / Wire,Wire,558370-LF,96263-46-06,96263-46-06 CAT5E Wire (Linear Foot),-- Unbranded --,-- No Unilog Brand --,-- No DIB Brand --,Woods Wire Southwire (7579)
22113861,Electrical,Wire Devices,Receptacles,501463,R00-GFNT1-00K,R00GFNT100K 15A Outlet Br,-- Unbranded --,-- No Unilog Brand --,Leviton,Leviton Mfg Co (4927)
25284558,Electrical,Wire Devices,Receptacles,501513,R92-GFWT1-0KW,R92GFWT10KW 15A GFCI Outlet Wh,-- Unbranded --,-- No Unilog Brand --,Leviton,Leviton Mfg Co (4927)
25284794,Electrical,Wire Devices,Receptacles,534069,R12-AGTR1-0KW,R12AGTR10KW 15A GFCI Outler Wh,-- Unbranded --,-- No Unilog Brand --,Leviton,Leviton Mfg Co (4927)
25284849,Electrical,Wire Devices,Receptacles,541634,R62-GFTA1-0KW,R92GFTA10KW 15A GFCI Outlet Wh,-- Unbranded --,-- No Unilog Brand --,Leviton,Leviton Mfg Co (4927)
25284837,Electrical,Wire Devices,Receptacles,539721,R02-GUAC1-0BW,R02GUAC10BW 15A/USB Outlet Wh,-- Unbranded --,-- No Unilog Brand --,Leviton,Leviton Mfg Co (4927)
25286183,Appliances,Large Appliances,Refrigerators - Electric,1516774,XOU2470BCGS,XOU2470BCGS Tall Beverage Center SS,-- Unbranded --,-- No Unilog Brand --,-- No DIB Brand --,Appliance Dealers Cooperative (APPDE)
25286185,Appliances,Large Appliances,Refrigerators - Electric,1516776,XOU24WDZGBR,XOU24WDZGBR Beverage Center Bk,-- Unbranded --,-- No Unilog Brand --,-- No DIB Brand --,Appliance Dealers Cooperative (APPDE)
25285207,Appliances,Large Appliances,Ranges - Electric,1507404,WOSP30100SS,WOSP30100SS Beko Wall Oven SS,-- Unbranded --,-- No Unilog Brand --,-- No DIB Brand --,Appliance Dealers Cooperative (APPDE)
20138597,Appliances,Large Appliances,Ranges - Electric,1516047,PEP9030DTBB,"PEP9030DTBB 30"" GE Cooktop Bk",-- Unbranded --,-- No Unilog Brand --,-- No DIB Brand --,Appliance Dealers Cooperative (APPDE)
20137987,Appliances,Large Appliances,Ranges - Electric,1515791,CHP90301TBB,CHP90301TBB Café Cooktop Bk,-- Unbranded --,-- No Unilog Brand --,-- No DIB Brand --,Appliance Dealers Cooperative (APPDE)
21280034,Tools,Hand Tools,Templates - Jigs,71433,TP-1935,TP-1935 Hole Drilling System,-- Unbranded --,-- No Unilog Brand --,-- No DIB Brand --,-
25285374,Lumber and Building Materials,Deck Railing /Columns /Lattice,RDI Finyl Line Vinyl Railing,1509088,73002252,Black Gate Gravity Latch RDI,-- Unbranded --,-- No Unilog Brand --,-- No DIB Brand --,-
24592215,Tools,Safety Equipment,Glasses-Goggles-Face Shields,1509093,XB11PCVS,XB11PCVS Edge Safety Glasses - Photochromic Lense,-- Unbranded --,-- No Unilog Brand --,-- No DIB Brand --,Edge Eyewear Inc (EDGSA)
25286024,Tools,Safety Equipment,Glasses-Goggles-Face Shields,1515816,TC126VS,TC126VS Edge Safety Glasses - Tacana Black Frame,-- Unbranded --,-- No Unilog Brand --,-- No DIB Brand --,Edge Eyewear Inc (EDGSA)
25286025,Tools,Safety Equipment,Glasses-Goggles-Face Shields,1515817,MK113MPAP,MK113MPAP Edge Safety Glasses - Makalu Black Frame Polarized,-- Unbranded --,-- No Unilog Brand --,-- No DIB Brand --,Edge Eyewear Inc (EDGSA)
25286026,Tools,Safety Equipment,Glasses-Goggles-Face Shields,1515818,LS117MPAP,LS117MPAP Edge Safety Glasses - Lassen Black Frame Polarized,-- Unbranded --,-- No Unilog Brand --,-- No DIB Brand --,Edge Eyewear Inc (EDGSA)
25285943,Electrical,Home Security,Fire Extinguishers,1515190,FE-EFX-9L,FEEFX9L Lith Fire Extinguisher,-- Unbranded --,-- No Unilog Brand --,-- No DIB Brand --,Ohio Firewatch Protection Inc (HOLFS)
16094905,Tools,Construction Tools Non Power,Laser Measure - Scanners,317449,DW08802CG,DW08802CG Dewalt Laser Green - Self-Level Cross Line,-- Unbranded --,-- No Unilog Brand --,DEWALT,Black & Decker/dewlt (2585)
16096062,Tools,Construction Tools Non Power,Laser Measure - Scanners,331553,DW088CG,DW088CG Dewalt Laser - Green Cross Line,-- Unbranded --,-- No Unilog Brand --,DEWALT,Black & Decker/dewlt (2585)
16096263,Tools,Construction Tools Non Power,Laser Measure - Scanners,348410,DW089CG,DW089CG Dewalt Laser Level - 3 Line 30ft Range,-- Unbranded --,-- No Unilog Brand --,DEWALT,Black & Decker/dewlt (2585)
17460053,Tools,Construction Tools Non Power,Laser Measure - Scanners,376885,DCLE34520GB,DCLE34520GB Dewalt Laser 20V - Cross Line 5 Spot (Bare),-- Unbranded --,-- No Unilog Brand --,DEWALT,Black & Decker/dewlt (2585)
24297715,Tools,Construction Tools Non Power,Laser Measure - Scanners,391371,DCLE34031B,DCLE34031B Dewalt Line Laser - 20V Self-Leveling (Bare),-- Unbranded --,-- No Unilog Brand --,DEWALT,Black & Decker/dewlt (2585)
24297717,Tools,Construction Tools Non Power,Laser Measure - Scanners,331832,DW0822CG,DW0822CG Dewalt Cross Line - Plumb Spots Laser-Green,-- Unbranded --,-- No Unilog Brand --,DEWALT,Black & Decker/dewlt (2585)
21154848,Tools,Construction Tools Non Power,String,1513535,25459,25459 Mason Line Brd Orange - 500',-- Unbranded --,-- No Unilog Brand --,-- No DIB Brand --,U S Tape Company (6694)
22052548,Tools,Construction Tools Non Power,String,1513538,35459,35459 Mason Line Brd Orange - 500' Replacement,-- Unbranded --,-- No Unilog Brand --,-- No DIB Brand --,U S Tape Company (6694)
24063853,Tools,Construction Tools Non Power,String,1513545,25759,25759 Mason Line Brd Orange - 1000',-- Unbranded --,-- No Unilog Brand --,-- No DIB Brand --,U S Tape Company (6694)
25285755,Tools,Construction Tools Non Power,String,1513531,35112,35112 Mason Line Twist Yellow - 270',-- Unbranded --,-- No Unilog Brand --,-- No DIB Brand --,U S Tape Company (6694)
25285756,Tools,Construction Tools Non Power,String,1513532,35115,35115 Mason Line Twist Green - 270',-- Unbranded --,-- No Unilog Brand --,-- No DIB Brand --,U S Tape Company (6694)
25285757,Tools,Construction Tools Non Power,String,1513534,25168,25168 Mason Line Brd Green - 250',CENTURY COMPONENTS,-- No Unilog Brand --,-- No DIB Brand --,U S Tape Company (6694)
25285758,Tools,Construction Tools Non Power,String,1513539,35468,35468 Mason Line Brd Green - 500' Replacement,-- Unbranded --,-- No Unilog Brand --,-- No DIB Brand --,U S Tape Company (6694)
25285760,Tools,Construction Tools Non Power,String,1513541,35494,35494 Mason Line Brd Blk/Yellw - 500' Replacement,-- Unbranded --,-- No Unilog Brand --,-- No DIB Brand --,U S Tape Company (6694)
21280085,Tools,Hand Tools,Tool - Socket - Sets,1508429,133164,133164 950/9 Hex Plus Spks - Multicolor,-- Unbranded --,-- No Unilog Brand --,-- No DIB Brand --,Wera Tools NA Inc (WERTO)
25286353,Tools,Hand Tools,Tin Snips,1517666,AVM6EV,AVM6 EV Mini Snip Red,-- Unbranded --,-- No Unilog Brand --,-- No DIB Brand --,Malco Prod (2370)
25286354,Tools,Hand Tools,Tin Snips,1517667,AVM6EV,AVM7 EV Mini Snip Green,-- Unbranded --,-- No Unilog Brand --,-- No DIB Brand --,Malco Prod (2370)
22023259,Tools,Cordless Power Tools,Outdoor,350799,0887-20,0887-20 Milw M18 Brushless Precision Blower,-- Unbranded --,-- No Unilog Brand --,-- No DIB Brand --,Milwaukee Accessory (4031)
24319722,Tools,Sandpaper,Sheets,1509708,9A-219-180,9A-219-180 Abranet 4x6x6,-- Unbranded --,-- No Unilog Brand --,-- No DIB Brand --,Mirka Abrasives Inc (MIRUS)
25285421,Tools,Sandpaper,Sheets,1509710,9A-219-120RP,9A-219-120RP Abranet 4x6x6,-- Unbranded --,-- No Unilog Brand --,-- No DIB Brand --,Mirka Abrasives Inc (MIRUS)
22093625,Tools,Cordless Power Tools,Drills - Drivers,1517672,DCD803B,DCD803B Dewalt Multi-Head Drill Driver,-- Unbranded --,-- No Unilog Brand --,-- No DIB Brand --,Black & Decker/dewlt (2585)
22093659,Tools,Cordless Power Tools,Drills - Drivers,1510678,DCF860B,DCF860B Dewalt 20V Impact - Driver Drill,-- Unbranded --,-- No Unilog Brand --,-- No DIB Brand --,Black & Decker/dewlt (2585)
24712313,Tools,Cordless Power Tools,Drills - Drivers,1514615,3401-20,3401-20 Milw M12 Drill Driver - Brushless Compact (Bare),-- Unbranded --,-- No Unilog Brand --,-- No DIB Brand --,Milwaukee Accessory (4031)
22093611,Tools,Corded Hand Power Tools,Drills,341733,DCD1007B,"DCD1007B Dewalt 20V Cordless - 1/2"" Hammer Drill (Bare)",-- Unbranded --,-- No Unilog Brand --,DEWALT,Black & Decker/dewlt (2585)
22093621,Tools,Cordless Power Tools,Drills - Drivers,1515999,DCD799B,DCD799B Dewalt Drill,-- Unbranded --,-- No Unilog Brand --,-- No DIB Brand --,Black & Decker/dewlt (2585)
22093721,Tools,Cordless Power Tools,Nailers - Staplers,309629,DCN930B,DCN930B Dewalt 20V 30 Degree - Framing Nailer,-- Unbranded --,-- No Unilog Brand --,DEWALT,Black & Decker/dewlt (2585)
22093722,Tools,Cordless Power Tools,Nailers - Staplers,314852,DCN930P1,DCN930P1 Dewalt 20V 30 Degree - Framing Nailer Kit,-- Unbranded --,-- No Unilog Brand --,DEWALT,Black & Decker/dewlt (2585)
25286046,Tools,Cordless Power Tools,Nailers - Staplers,1516042,XNB04Z,"XNB04Z Makita 18V 2"" Brad Nailer 18GA (Bare)",-- Unbranded --,-- No Unilog Brand --,-- No DIB Brand --,Makita Usa Inc (5142)
25286132,Tools,Cordless Power Tools,Nailers - Staplers,1516538,XNB07Z,XNB07Z Makita 18V LXT BL 30 Nailer (Bare),-- Unbranded --,-- No Unilog Brand --,-- No DIB Brand --,Makita Usa Inc (5142)
22027279,Tools,Bits and Cutters,Drill - Driver Bit Sets,1513985,49-66-4567,"49-66-4567 Milw 6"" Magnetic - Impact Driver Set 6pc",-- Unbranded --,-- No Unilog Brand --,-- No DIB Brand --,Milwaukee Accessory (4031)
25286047,Tools,Cordless Power Tools,Nailers - Staplers,1516043,XTS02Z,"XTS02Z Makita 18V 1/4"" Narrow Crown Stapler 18GA",-- Unbranded --,-- No Unilog Brand --,-- No DIB Brand --,Makita Usa Inc (5142)
22093655,Tools,Cordless Power Tools,3pc Kit,389170,DCF809D1,"DCF809D1 Dewalt Atomic 20V 1/4"" Impact Driver Kit",-- Unbranded --,-- No Unilog Brand --,DEWALT,Black & Decker/dewlt (2585)
24747354,Tools,Cordless Power Tools,2pc Kit,1517443,2761-22,2761-22 Milw M18 Surge Kit,-- Unbranded --,-- No Unilog Brand --,-- No DIB Brand --,Milwaukee Accessory (4031)
22026082,Tools,Cordless Power Tools,Drills - Drivers,1516125,3049-20,"3049-20 Milw M12 3/8"" Impact Wrench w/Friction Ring",-- Unbranded --,-- No Unilog Brand --,-- No DIB Brand --,Milwaukee Accessory (4031)
22093671,Tools,Cordless Power Tools,Impacts,350342,DCF961B,"Dewalt DCF961B 20V 1/2"" Impact - Bare Tool",-- Unbranded --,-- No Unilog Brand --,DEWALT,Black & Decker/dewlt (2585)
22093673,Tools,Cordless Power Tools,Impacts,313619,DCF964B,"DCF964B Dewalt 20V 3/4"" Impact - Wrench (Bare)",-- Unbranded --,-- No Unilog Brand --,DEWALT,Black & Decker/dewlt (2585)
22093649,Tools,Cordless Power Tools,Impacts,333596,DCF510B,Dewalt DCF510B 20V Rachet - Interchangeable Anvil,-- Unbranded --,-- No Unilog Brand --,DEWALT,Black & Decker/dewlt (2585)
25284480,Tools,Cordless Power Tools,Impacts,321041,3052-20,"3052-20 Milw M12 Fuel 1/4"" Rachet",-- Unbranded --,-- No Unilog Brand --,-- No DIB Brand --,Milwaukee Accessory (4031)
25284500,Tools,Cordless Power Tools,Impacts,345650,3054-20,"3054-20 Milw M12 1/2"" Ratchet (Bare)",-- Unbranded --,-- No Unilog Brand --,-- No DIB Brand --,Milwaukee Accessory (4031)
25286356,Tools,Cordless Power Tools,Impacts,1517671,DCF513EB,"DCF513EB Dewalt 3/8"" Open Head Rachet",-- Unbranded --,-- No Unilog Brand --,-- No DIB Brand --,Black & Decker/dewlt (2585)
25286050,Tools,Cordless Power Tools,Sanders,1516046,XVP01Z,"XVP01Z Makita 18V 3"" Polisher/ 2"" Sander",-- Unbranded --,-- No Unilog Brand --,-- No DIB Brand --,Makita Usa Inc (5142)
23179145,Tools,Corded Hand Power Tools,Grinders,368214,3485-20,"3485-20 Milw M12 1/4"" Right Angle Die Grinder",-- Unbranded --,-- No Unilog Brand --,-- No DIB Brand --,Milwaukee Accessory (4031)
24718317,Tools,Corded Hand Power Tools,Grinders,1517801,DCG422B,DCG422B Dewalt 20V Right Angle Die Grinder (Bare),-- Unbranded --,-- No Unilog Brand --,-- No DIB Brand --,Black & Decker/dewlt (2585)
25284497,Tools,Blades,10 in. Circ Blades,343883,D0760UX,"D0760UX Diablo 7-1/4"" 60T Circ - Saw Blade",-- Unbranded --,-- No Unilog Brand --,Diablo,Freud Inc (2435)
22079973,Tools,Corded-Cordless Hand Tool Acc,Grinder Accessories,1514622,49-93-9204,"49-93-9204 Milw 4-1/2"" Diamond - Tile Blade",-- Unbranded --,-- No Unilog Brand --,-- No DIB Brand --,Milwaukee Accessory (4031)
22079974,Tools,Corded-Cordless Hand Tool Acc,Grinder Accessories,1514620,49-93-9207,"49-93-9207 Milw 7"" Diamond - Tile Blade",-- Unbranded --,-- No Unilog Brand --,-- No DIB Brand --,Milwaukee Accessory (4031)
22079975,Tools,Corded-Cordless Hand Tool Acc,Grinder Accessories,1514619,49-93-9210,"49-93-9210 Milw 10"" Diamond - Tile Blade",-- Unbranded --,-- No Unilog Brand --,-- No DIB Brand --,Milwaukee Accessory (4031)
24710392,Tools,Corded-Cordless Hand Tool Acc,Grinder Accessories,1514623,49-93-9202,"49-93-9202 Milw 4"" Diamond - Tile Blade",-- Unbranded --,-- No Unilog Brand --,-- No DIB Brand --,Milwaukee Accessory (4031)
24710393,Tools,Corded-Cordless Hand Tool Acc,Grinder Accessories,1514621,49-93-9205,"49-93-9205 Milw 5"" Diamond - Tile Blade",-- Unbranded --,-- No Unilog Brand --,-- No DIB Brand --,Milwaukee Accessory (4031)
25284464,Tools,Bits and Cutters,Hole Saws - Circle Cutters,310828,49-22-4702,49-22-4702 Milw 13pc Quik-Lock Hole Dozer Kit,-- Unbranded --,-- No Unilog Brand --,-- No DIB Brand --,Milwaukee Accessory (4031)
25285890,Tools,Corded-Cordless Hand Tool Acc,Planer Accessories,1514727,790.820,790.820 CMT Planer Blade 2pc,-- Unbranded --,-- No Unilog Brand --,-- No DIB Brand --,CMT USA Inc (CMTUS)
25285926,Tools,Corded-Cordless Hand Tool Acc,Planer Accessories,1514915,794.321,794.321 HS Planer Knives 3pc,-- Unbranded --,-- No Unilog Brand --,-- No DIB Brand --,CMT USA Inc (CMTUS)
25286398,Tools,Stationary - Bench Top Tools,Bandsaws,1518167,JT9-714400K,"JWBS-14SFX 14"" Bandsaw JTP-714400K",-- Unbranded --,-- No Unilog Brand --,-- No DIB Brand --,JPW Industries (JPWIN)
22076064,Tools,Cordless Power Tools,Circ Saws / Miter Saws,384761,2834-21HD,"2834-21HD Milw M18 7-1/4"" Circ - Saw Kit",-- Unbranded --,-- No Unilog Brand --,Milwaukee,Milwaukee Accessory (4031)
20778341,Tools,Cordless Power Tools,Jig Saws,305564,2545-20,2545-20 Milw M12 Jig Saw,-- Unbranded --,-- No Unilog Brand --,Milwaukee,Milwaukee Accessory (4031)
22093739,Tools,Cordless Power Tools,Circ Saws / Miter Saws,1515182,DCS714B,"DCS714B Dewalt 20V Miter Saw - (Bare) 10"" Double Bevel Fixed",-- Unbranded --,-- No Unilog Brand --,-- No DIB Brand --,Black & Decker/dewlt (2585)
22093740,Tools,Cordless Power Tools,Circ Saws / Miter Saws,1515181,DCS785B,"DCS785B Dewalt 20V Miter Saw - Kit 12"" Double Bevel Sliding",-- Unbranded --,-- No Unilog Brand --,-- No DIB Brand --,Black & Decker/dewlt (2585)
24702687,Tools,Cordless Power Tools,Circ Saws / Miter Saws,1511567,GSL02M1,"GSL02M1 Makita Miter Saw - 40V 8-1/2""",-- Unbranded --,-- No Unilog Brand --,-- No DIB Brand --,Makita Usa Inc (5142)
14328189,Tools,Cordless Power Tools,60V Battery,1517179,DCB606C,DCB606C Dewalt Flexvolt Starter Kit,-- Unbranded --,-- No Unilog Brand --,-- No DIB Brand --,Black & Decker/dewlt (2585)
22093580,Tools,Cordless Power Tools,20V Battery,321523,DCB205C,DCB205C 20V Starter Kit,-- Unbranded --,-- No Unilog Brand --,DEWALT,Black & Decker/dewlt (2585)
22093584,Tools,Cordless Power Tools,20V Battery,375784,DCB2108,DCB2108 Dewalt 20V 8Ah Battery - Max XR Powerpack,-- Unbranded --,-- No Unilog Brand --,DEWALT,Black & Decker/dewlt (2585)
22093585,Tools,Cordless Power Tools,20V Battery,1511563,DCB2108-2,DCB2108-2 Dewalt 20V 8Ah 2pk - Battery Max XR Powerpack,-- Unbranded --,-- No Unilog Brand --,-- No DIB Brand --,Black & Decker/dewlt (2585)
24790461,Tools,Cordless Power Tools,18V Battery,1518160,VB0212,VB0212 Senco 18V 2.0 AH Lithium Battery,-- Unbranded --,-- No Unilog Brand --,-- No DIB Brand --,Senco Products Inc (4650)
25286369,Tools,Cordless Power Tools,12V Battery,1517746,48-11-2422,48-11-2422 Milw M12 CP2.0 Battery Two Pack,-- Unbranded --,-- No Unilog Brand --,-- No DIB Brand --,Milwaukee Accessory (4031)
24716942,Tools,Cordless Power Tools,Chargers,1516126,48-59-1804,48-59-1804 Milw M18 and M12 Rapid Charger,-- Unbranded --,-- No Unilog Brand --,-- No DIB Brand --,Milwaukee Accessory (4031)
22027208,Tools,Cordless Power Tools,Chargers,384352,48-59-1211,48-59-1211 Milw Power Supply - Charger,-- Unbranded --,-- No Unilog Brand --,Milwaukee,Milwaukee Accessory (4031)
24752708,Tools,Cordless Power Tools,Chargers,1516128,2847-20,2847-20 Milw M18 Charger and Power Supply,-- Unbranded --,-- No Unilog Brand --,-- No DIB Brand --,Milwaukee Accessory (4031)
16095504,Tools,Pressure Washr-Vac-Wobblelight,Shop Vacs,1510970,DWV9401,DWV9401 Dewalt Paper Bag - 5pk,-- Unbranded --,-- No Unilog Brand --,-- No DIB Brand --,Black & Decker/dewlt (2585)
22093689,Tools,Cordless Power Tools,2pc Kit,364916,DCK225D2,DCK225D2 Dewalt Impact/Drill - Kit,-- Unbranded --,-- No Unilog Brand --,DEWALT,Black & Decker/dewlt (2585)
25286163,Tools,Stationary - Bench Top Tools,Planers,1516640,10045.201,"10045.201 Oliver 13"" Benchtop Planer 2HP,115V 1Ph",-- Unbranded --,-- No Unilog Brand --,-- No DIB Brand --,Oliver Machinery Company (OLIMA)
25286164,Tools,Stationary - Bench Top Tools,Planers,1516641,10014.201,"10014.201 Oliver 15"" Planer 3HP 1Ph 220V",-- Unbranded --,-- No Unilog Brand --,-- No DIB Brand --,Oliver Machinery Company (OLIMA)
25286165,Tools,Stationary - Bench Top Tools,Planers,1516642,4430.201,"4430.201 Oliver 20"" Planer 5HP 1Ph 230V",-- Unbranded --,-- No Unilog Brand --,-- No DIB Brand --,Oliver Machinery Company (OLIMA)
25286166,Tools,Stationary - Bench Top Tools,Planers,1516643,10055.201,"10055.201 Oliver 15"" Benchtop Planer 2.5HP 1Ph 230V",-- Unbranded --,-- No Unilog Brand --,-- No DIB Brand --,Oliver Machinery Company (OLIMA)